{"press_point_map": {"1608116223.0033548": [[275, 165], [276, 165], [277, 165], [279, 165], [281, 166], [283, 166], [284, 166], [287, 166], [288, 167], [290, 168], [292, 168], [293, 168], [294, 168], [296, 168], [297, 168], [299, 168], [301, 168], [303, 168], [305, 168], [308, 168], [311, 168], [313, 168], [314, 168], [315, 168], [316, 168], [318, 168], [319, 168], [320, 168], [322, 168], [323, 168], [324, 168], [325, 168], [328, 168], [330, 168], [332, 168], [333, 168], [334, 168], [336, 168], [338, 167], [340, 167], [342, 167], [344, 167], [347, 167], [350, 167], [353, 167], [357, 167], [360, 167], [363, 167], [367, 167], [370, 167], [373, 167], [377, 167], [381, 167], [386, 167], [391, 167], [395, 167], [399, 167], [402, 167], [406, 167], [409, 167], [413, 167], [417, 167], [420, 167], [423, 167], [425, 167], [428, 167], [430, 167], [432, 167], [434, 167], [436, 167], [437, 167]], "1608116224.5464344": [[258, 256], [259, 256], [261, 256], [264, 256], [267, 256], [270, 256], [272, 256], [274, 256], [275, 256], [276, 256], [278, 256], [281, 256], [284, 256], [287, 256], [290, 256], [293, 256], [296, 256], [299, 256], [301, 256], [303, 256], [305, 256], [306, 256], [308, 256], [311, 256], [313, 255], [314, 255], [315, 255], [317, 255], [318, 255], [319, 255], [320, 255], [322, 255], [324, 255], [325, 255], [327, 255], [329, 255], [332, 255], [335, 255], [338, 255], [341, 255], [345, 255], [347, 255], [349, 255], [352, 255], [354, 255], [356, 255], [358, 255], [362, 255], [365, 255], [368, 255], [372, 255], [375, 255], [379, 255], [385, 255], [389, 255], [393, 256], [399, 256], [405, 256], [411, 256], [416, 256], [420, 256], [424, 256], [429, 256], [432, 256], [435, 256], [438, 257], [441, 257], [444, 257], [448, 257], [451, 257], [454, 257], [456, 257], [458, 257], [460, 257], [462, 257], [463, 257]], "1608116226.3150358": [[222, 344], [223, 344], [224, 344], [226, 344], [227, 344], [228, 344], [229, 344], [232, 344], [235, 343], [238, 343], [241, 343], [244, 342], [247, 342], [251, 342], [255, 341], [258, 341], [262, 341], [266, 340], [271, 340], [275, 340], [279, 339], [283, 339], [288, 338], [293, 338], [299, 337], [304, 337], [308, 337], [312, 337], [316, 337], [322, 337], [326, 337], [329, 337], [333, 337], [336, 337], [341, 337], [346, 337], [352, 337], [356, 337], [361, 337], [365, 337], [371, 337], [375, 337], [378, 337], [381, 337], [384, 337], [387, 337], [390, 337], [393, 337], [395, 337], [397, 337], [399, 337], [402, 337], [405, 337], [408, 337], [411, 337], [414, 337], [418, 336], [422, 336], [425, 336], [427, 336], [428, 336], [429, 336], [430, 336], [431, 336], [432, 336], [433, 336], [434, 336], [435, 336], [436, 336], [437, 336], [438, 336], [440, 336], [441, 336], [442, 336], [443, 336], [444, 336], [445, 336], [447, 336], [448, 336], [449, 336], [450, 336], [451, 336], [453, 336], [455, 336], [457, 336], [459, 336], [461, 336]]}, "loose_point_map": {"1608116222.2113414": [], "1608116223.6752481": [[434, 167], [432, 167], [428, 169], [425, 170], [421, 172], [419, 173], [416, 174], [414, 175], [412, 176], [409, 177], [406, 179], [403, 180], [400, 181], [397, 182], [394, 183], [389, 185], [383, 187], [379, 188], [374, 190], [370, 191], [367, 193], [364, 193], [361, 194], [359, 195], [357, 196], [354, 197], [349, 199], [345, 202], [341, 203], [337, 205], [332, 208], [328, 211], [322, 214], [317, 217], [312, 220], [307, 224], [304, 227], [301, 230], [299, 233], [297, 235], [295, 237], [294, 239], [291, 241], [289, 242], [287, 244], [284, 246], [282, 246], [278, 248], [276, 249], [274, 249], [273, 250], [270, 251], [269, 251], [267, 252], [265, 254], [263, 254], [262, 254], [261, 255], [260, 255], [259, 255], [259, 256], [258, 256], [257, 256]], "1608116225.2271159": [[464, 257], [464, 258], [463, 258], [460, 259], [457, 260], [453, 262], [448, 264], [444, 265], [439, 267], [434, 269], [429, 271], [426, 272], [422, 273], [416, 275], [410, 276], [404, 277], [397, 279], [388, 281], [380, 284], [370, 286], [358, 289], [346, 292], [337, 296], [329, 299], [323, 302], [317, 305], [312, 307], [308, 310], [304, 312], [301, 313], [298, 315], [293, 317], [290, 319], [286, 319], [281, 321], [277, 323], [272, 325], [266, 327], [262, 328], [257, 329], [253, 331], [249, 332], [245, 333], [242, 335], [239, 335], [237, 337], [235, 338], [232, 338], [230, 339], [228, 341], [227, 341], [225, 342], [224, 343], [222, 343], [222, 344], [221, 344]]}, "practise_press_point_map": {"1608116223.0033548": [[275, 165], [292, 168], [311, 168], [324, 168], [342, 167], [373, 167], [413, 167], [437, 167]], "1608116224.5464344": [[258, 256], [278, 256], [305, 256], [320, 255], [345, 255], [372, 255], [420, 256], [454, 257], [463, 257]], "1608116226.3150358": [[222, 344], [241, 343], [279, 339], [326, 337], [371, 337], [399, 337], [428, 336], [438, 336], [450, 336], [461, 336]]}, "practise_loose_point_map": {"1608116223.6752481": [[434, 167], [406, 179], [367, 193], [332, 208], [295, 237], [273, 250], [259, 256], [257, 256]], "1608116225.2271159": [[464, 257], [429, 271], [358, 289], [298, 315], [253, 331], [227, 341], [221, 344]]}}