{"press_point_map": {"1608359746.971263": [[340, 221], [341, 222], [344, 222], [351, 223], [362, 224], [374, 224], [388, 224], [407, 224], [421, 224], [434, 224], [445, 224], [454, 224], [461, 224], [465, 224]], "1608359747.5147574": [[368, 292], [370, 292], [374, 292], [379, 292], [386, 292], [395, 292], [407, 292], [419, 292], [430, 292], [439, 292], [446, 292], [450, 292], [453, 292]], "1608359748.2504268": [[306, 391], [311, 391], [319, 391], [329, 390], [341, 390], [355, 388], [373, 387], [388, 386], [401, 385], [414, 385], [426, 385], [437, 385], [450, 385], [462, 385], [474, 385], [485, 385], [495, 385], [505, 385], [513, 385], [519, 385]]}, "loose_point_map": {"1608359746.7390516": [], "1608359747.3065677": [[467, 224], [467, 225], [466, 225], [464, 226], [460, 227], [455, 229], [449, 232], [442, 234], [435, 237], [428, 240], [420, 244], [414, 248], [406, 253], [400, 258], [393, 263], [390, 267], [386, 271], [383, 274], [380, 278], [378, 280], [376, 282], [375, 285], [373, 287], [371, 288], [370, 290], [368, 290], [368, 291]], "1608359747.995195": [[454, 293], [454, 294], [453, 294], [449, 297], [447, 298], [444, 300], [439, 303], [436, 304], [432, 306], [427, 308], [421, 312], [414, 315], [408, 319], [402, 323], [395, 327], [387, 331], [379, 337], [369, 342], [360, 347], [353, 351], [346, 355], [339, 359], [334, 363], [329, 367], [323, 372], [319, 375], [314, 379], [312, 382], [310, 384], [308, 386], [306, 388], [305, 389], [305, 390], [304, 390], [304, 391], [303, 391]]}, "practise_press_point_map": {"1608359746.971263": [[340, 221], [465, 224]], "1608359747.5147574": [[368, 292], [453, 292]], "1608359748.2504268": [[306, 391], [519, 385]]}, "practise_loose_point_map": {"1608359747.3065677": [[467, 224], [376, 282], [368, 291]], "1608359747.995195": [[454, 293], [346, 355], [303, 391]]}}