{"press_point_map": {"1607952295.779256": [[310, 205], [311, 205], [312, 205], [313, 205], [316, 205], [318, 205], [320, 205], [322, 205], [324, 205], [326, 205], [328, 205], [330, 206], [331, 206], [332, 206], [334, 206], [335, 206], [335, 207], [336, 207], [337, 207], [338, 207], [339, 207], [340, 207], [342, 207], [345, 207], [347, 207], [349, 207], [351, 207], [352, 207], [353, 207], [355, 207], [357, 207], [359, 207], [360, 207], [362, 207], [365, 207], [368, 207], [371, 207], [373, 207], [375, 207], [378, 207], [380, 207], [383, 207], [385, 207], [388, 207], [391, 207], [394, 207], [397, 207], [400, 207], [404, 207], [408, 207], [411, 207], [414, 207], [417, 207], [419, 207], [422, 207], [424, 207], [427, 207], [428, 207], [429, 207], [430, 207]], "1607952298.2591054": [[273, 302], [274, 302], [275, 302], [276, 302], [278, 302], [279, 302], [280, 302], [282, 302], [283, 302], [284, 302], [285, 302], [287, 302], [289, 302], [291, 302], [294, 302], [297, 301], [300, 301], [304, 301], [308, 301], [311, 301], [314, 301], [318, 301], [321, 301], [323, 301], [325, 301], [328, 301], [330, 301], [333, 301], [336, 301], [339, 301], [342, 301], [346, 301], [349, 301], [353, 301], [357, 301], [360, 300], [362, 300], [364, 300], [366, 300], [369, 300], [371, 300], [374, 300], [376, 300], [378, 300], [380, 299], [382, 299], [384, 299], [386, 299], [389, 299], [390, 299], [392, 299], [394, 299], [396, 299], [398, 299], [400, 298], [402, 298], [404, 298], [405, 298], [407, 298], [409, 298], [410, 298], [411, 298], [413, 298], [414, 297], [416, 297], [418, 297], [420, 297], [423, 297], [425, 297], [426, 297], [428, 297], [430, 297], [431, 297], [434, 296], [436, 296], [437, 296], [439, 296], [441, 296], [444, 296], [446, 296], [447, 296], [448, 296], [449, 296], [450, 296], [451, 296], [452, 296], [453, 296], [454, 296], [455, 296], [456, 296], [457, 296], [458, 296]]}, "loose_point_map": {"1607952294.8764386": [], "1607952297.0033674": [[430, 208], [430, 209], [429, 210], [427, 210], [424, 211], [421, 212], [418, 213], [415, 215], [411, 217], [408, 218], [405, 220], [402, 222], [396, 223], [391, 224], [388, 226], [384, 228], [380, 229], [376, 231], [373, 232], [369, 234], [366, 235], [363, 236], [360, 238], [356, 240], [352, 241], [349, 243], [345, 245], [342, 246], [340, 248], [337, 249], [335, 251], [334, 252], [332, 254], [331, 255], [330, 256], [328, 258], [327, 259], [326, 260], [325, 261], [324, 263], [323, 264], [322, 265], [321, 266], [319, 267], [317, 269], [316, 270], [314, 272], [313, 273], [311, 274], [310, 275], [309, 277], [308, 277], [307, 278], [306, 279], [305, 280], [304, 280], [303, 281], [303, 282], [301, 283], [301, 284], [299, 285], [299, 286], [298, 286], [297, 287], [296, 287], [295, 288], [295, 289], [294, 289], [294, 290], [293, 290], [292, 290], [291, 291], [291, 292], [290, 292], [289, 292], [288, 293], [287, 294], [286, 294], [285, 295], [284, 296], [283, 296], [282, 296], [281, 297], [280, 298], [278, 299], [276, 300], [275, 301], [274, 301], [273, 301], [272, 302]]}, "practise_press_point_map": {"1607952295.779256": [[310, 205], [328, 205], [339, 207], [357, 207], [380, 207], [411, 207], [430, 207]], "1607952298.2591054": [[273, 302], [285, 302], [314, 301], [342, 301], [371, 300], [392, 299], [410, 298], [428, 297], [447, 296], [457, 296], [458, 296]]}, "practise_loose_point_map": {"1607952297.0033674": [[430, 208], [405, 220], [366, 235], [335, 251], [323, 264], [309, 277], [299, 285], [292, 290], [283, 296], [272, 302]]}}