{"press_point_map": {"1607859481.0093267": [[245, 122], [246, 122], [247, 122], [248, 122], [249, 122], [250, 123], [251, 123], [251, 124], [252, 125], [252, 127], [253, 128], [254, 129], [254, 131], [254, 133], [255, 134], [256, 136], [256, 137], [256, 138], [256, 140], [256, 141], [256, 142], [256, 143], [256, 144], [256, 145], [256, 146], [256, 147], [256, 148], [256, 150], [256, 151], [256, 152], [256, 153], [256, 154], [256, 155], [256, 157], [256, 158], [256, 159], [256, 160], [256, 162], [256, 163], [256, 164], [256, 165], [256, 167], [256, 168], [256, 169], [256, 171], [256, 172], [256, 173], [256, 175], [256, 176], [256, 177], [256, 179], [256, 181], [256, 183], [256, 184], [256, 186], [256, 188], [256, 190], [256, 192], [256, 194], [256, 196], [256, 198], [256, 200], [256, 203], [256, 205], [256, 208], [256, 211], [256, 214], [256, 216], [256, 219], [256, 222], [256, 225], [256, 227], [256, 230], [256, 232], [256, 235], [256, 238], [256, 241], [256, 245], [255, 249], [254, 252], [253, 256], [251, 260], [250, 263], [248, 268], [246, 272], [245, 277], [243, 283], [240, 289], [238, 294], [237, 299], [235, 303], [234, 308], [232, 313], [231, 318], [229, 322], [228, 325], [226, 330], [224, 334], [223, 339], [221, 341], [220, 343], [220, 346], [219, 349], [218, 352], [218, 355], [218, 359], [217, 364], [217, 369], [216, 374], [215, 378], [214, 383], [214, 387], [213, 390], [212, 392], [212, 395], [211, 397], [211, 400], [210, 403], [209, 407], [208, 412], [207, 415], [206, 419], [205, 424], [203, 428], [201, 434], [198, 439], [196, 442], [193, 445], [191, 448]], "1607859483.0253222": [[280, 116], [283, 116], [287, 116], [292, 115], [303, 114], [315, 113], [326, 112], [337, 111], [347, 110], [357, 110], [366, 109], [375, 109], [382, 109], [388, 109], [393, 109], [398, 109], [404, 109], [412, 109], [419, 109], [425, 109], [431, 109], [435, 109], [438, 108], [440, 108], [442, 108], [444, 108], [444, 109], [445, 111], [445, 113], [445, 115], [445, 117], [446, 121], [446, 127], [446, 134], [446, 140], [445, 148], [445, 156], [445, 164], [445, 175], [445, 186], [445, 196], [445, 207], [446, 218], [447, 229], [448, 239], [449, 253], [450, 265], [451, 274], [451, 285], [452, 295], [452, 306], [453, 318], [455, 329], [456, 340], [457, 349], [459, 359], [461, 368], [463, 379], [465, 389], [467, 397], [469, 405], [470, 412], [471, 419], [472, 426], [473, 433], [474, 438], [474, 444], [475, 449], [475, 455], [476, 459], [476, 463], [476, 466], [476, 469], [476, 471], [476, 473], [476, 476], [476, 478], [476, 479], [476, 480], [475, 480], [474, 480], [472, 478], [470, 475], [467, 470], [462, 462], [457, 452], [451, 441], [444, 423], [439, 406], [434, 392]], "1607859483.9210753": [[295, 166], [297, 166], [302, 166], [313, 166], [326, 165], [339, 164], [353, 162], [365, 161], [377, 160], [385, 159], [391, 158], [395, 157], [397, 156], [399, 155]], "1607859484.5776725": [[374, 130], [372, 131], [372, 133], [371, 135], [369, 138], [368, 141], [366, 146], [362, 153], [358, 159], [354, 167], [351, 174], [349, 181], [347, 188], [346, 195], [345, 201], [344, 206], [344, 210], [344, 213], [344, 214], [344, 216]], "1607859485.1204503": [[306, 217], [311, 217], [322, 217], [334, 217], [347, 217], [361, 216], [374, 214], [387, 214], [402, 213], [414, 213], [423, 213], [429, 213], [432, 213], [433, 213]], "1607859485.6886063": [[307, 274], [308, 276], [310, 280], [313, 283], [315, 286], [317, 292], [318, 300], [319, 307], [319, 315], [320, 325], [320, 333], [320, 342], [320, 351], [320, 359], [320, 366], [321, 370], [321, 373], [320, 372], [320, 369], [320, 361]], "1607859486.6255677": [[343, 283], [343, 282], [344, 282], [348, 280], [355, 279], [366, 277], [377, 276], [387, 275], [397, 274], [404, 273], [409, 273], [413, 273], [415, 273], [416, 273], [417, 273], [417, 275], [417, 277], [417, 281], [415, 286], [413, 291], [411, 297], [408, 303], [404, 310], [401, 317], [398, 326], [395, 333], [393, 340], [392, 346], [392, 350], [392, 354], [392, 357], [393, 361], [396, 366], [398, 371], [401, 374], [402, 377], [405, 381], [406, 383], [408, 385], [407, 385], [406, 385], [405, 384], [402, 383], [399, 380], [395, 377], [390, 375], [381, 371], [373, 368], [365, 366], [356, 364], [350, 363], [344, 362], [340, 361], [335, 361], [331, 361], [327, 361], [324, 360], [322, 360]]}, "loose_point_map": {"1607859479.825886": [], "1607859481.889471": [[188, 450], [185, 452], [183, 452], [180, 452], [177, 452], [173, 452], [170, 452], [168, 452], [165, 452], [165, 450], [165, 445], [168, 439], [173, 431], [180, 423], [190, 414], [203, 402], [218, 386], [238, 363], [253, 344], [265, 322], [273, 305], [279, 292], [282, 280], [284, 268], [287, 251], [289, 238], [292, 225], [297, 214], [300, 203], [304, 191], [309, 180], [312, 169], [314, 161], [315, 154], [316, 150], [316, 146], [316, 143], [316, 141], [316, 139], [314, 137], [313, 135], [313, 134], [313, 133], [311, 131], [311, 129], [309, 127], [307, 125], [304, 122], [302, 120], [298, 116], [295, 114], [292, 111], [288, 107], [286, 105], [277, 105], [277, 106], [277, 108], [277, 110], [277, 112], [277, 113], [277, 115], [277, 116]], "1607859483.6328247": [[429, 378], [425, 365], [419, 351], [407, 332], [399, 321], [392, 312], [384, 306], [377, 301], [371, 296], [365, 291], [360, 286], [357, 282], [355, 279], [355, 275], [353, 269], [351, 262], [349, 257], [346, 251], [341, 245], [335, 239], [327, 233], [320, 227], [312, 222], [305, 218], [298, 212], [293, 208], [289, 204], [287, 199], [284, 196], [282, 193], [281, 190], [280, 186], [278, 183], [277, 181], [277, 179], [277, 177], [277, 175], [277, 174], [277, 173], [277, 172], [277, 171], [277, 170], [278, 169], [279, 168], [280, 167], [280, 166], [281, 166], [282, 166], [283, 166], [285, 166], [286, 166], [288, 166], [290, 166], [292, 166], [293, 166]], "1607859484.2343607": [[399, 154], [399, 153], [398, 152], [397, 151], [395, 150], [394, 149], [393, 149], [392, 148], [391, 147], [390, 146], [389, 145], [388, 144], [387, 143], [386, 141], [385, 140], [383, 138], [382, 136], [380, 135], [379, 133], [377, 133], [376, 132], [375, 131]], "1607859484.8579304": [[343, 216], [342, 215], [341, 215], [340, 215], [339, 215], [338, 215], [336, 215], [333, 215], [330, 215], [328, 215], [325, 215], [321, 215], [318, 215], [315, 216], [311, 216], [308, 217], [305, 217], [303, 217], [302, 217]], "1607859485.4806697": [[430, 213], [428, 213], [424, 213], [419, 213], [413, 215], [407, 218], [401, 221], [394, 224], [388, 227], [380, 231], [372, 235], [365, 239], [359, 243], [353, 247], [348, 251], [342, 254], [335, 258], [329, 261], [325, 264], [321, 266], [318, 268], [313, 270], [311, 271], [309, 272], [307, 273]], "1607859485.9289303": [[321, 352], [325, 342], [329, 332], [333, 324], [338, 315], [340, 309], [342, 304], [344, 300], [345, 297], [345, 295], [345, 293], [345, 291], [345, 289], [344, 287], [344, 286], [344, 285], [343, 284]]}, "practise_press_point_map": {"1607859481.0093267": [[245, 122], [253, 128], [256, 142], [256, 153], [256, 165], [256, 179], [256, 198], [256, 225], [253, 256], [235, 303], [220, 343], [214, 383], [207, 415], [191, 448]], "1607859483.0253222": [[280, 116], [366, 109], [431, 109], [445, 117], [445, 196], [452, 306], [469, 405], [476, 463], [474, 480], [434, 392]], "1607859483.9210753": [[295, 166], [391, 158], [399, 155]], "1607859484.5776725": [[374, 130], [351, 174], [344, 216]], "1607859485.1204503": [[306, 217], [423, 213], [433, 213]], "1607859485.6886063": [[307, 274], [320, 333], [320, 361]], "1607859486.6255677": [[343, 283], [409, 273], [411, 297], [392, 357], [406, 385], [350, 363], [322, 360]]}, "practise_loose_point_map": {"1607859481.889471": [[188, 450], [165, 445], [273, 305], [309, 180], [313, 135], [295, 114], [277, 115], [277, 116]], "1607859483.6328247": [[429, 378], [360, 286], [327, 233], [281, 190], [277, 171], [286, 166], [293, 166]], "1607859484.2343607": [[399, 154], [389, 145], [376, 132], [375, 131]],