{"press_point_map": {"1607949134.9510705": [], "1607949136.3921528": [[282, 167], [288, 167], [298, 166], [312, 165], [333, 162], [365, 158], [385, 155], [403, 152], [418, 150], [432, 148], [443, 147], [452, 146], [458, 145], [460, 144]], "1607949136.9190476": [[385, 73], [385, 78], [386, 87], [387, 97], [387, 113], [387, 128], [387, 144], [386, 162], [383, 183], [379, 201], [375, 222], [371, 243], [368, 261], [367, 275], [366, 285], [365, 295], [365, 301], [365, 306], [365, 308]], "1607949137.6073139": [[377, 181], [375, 181], [374, 183], [371, 186], [366, 191], [359, 198], [351, 204], [337, 215], [323, 225], [307, 235], [291, 244], [276, 250], [262, 256], [247, 262], [230, 269], [216, 274], [203, 277], [192, 280], [184, 284], [178, 284], [175, 285], [173, 286]], "1607949138.4878638": [[377, 185], [378, 185], [379, 186], [380, 187], [381, 189], [384, 192], [386, 195], [391, 200], [395, 207], [402, 216], [410, 225], [416, 233], [422, 241], [430, 248], [437, 255], [446, 262], [453, 268], [461, 272], [468, 275], [476, 278], [483, 280], [488, 281], [490, 282], [491, 282], [492, 282], [494, 283], [496, 283], [500, 284], [508, 285], [519, 286], [530, 287], [540, 288], [551, 289], [561, 290], [570, 291]], "1607949139.8481624": [[301, 310], [306, 310], [314, 309], [328, 308], [340, 307], [350, 306], [361, 305], [370, 304], [380, 304], [388, 304], [395, 304], [400, 304], [403, 304], [405, 304], [406, 304], [407, 304], [408, 304], [408, 305], [408, 306], [408, 307], [408, 309], [407, 310], [405, 311], [401, 313], [393, 316], [386, 319], [378, 322], [369, 326], [362, 329], [357, 331], [353, 331], [351, 332], [351, 333], [351, 336], [351, 341], [353, 346], [356, 354], [359, 363], [365, 377], [370, 394], [376, 411], [381, 427], [384, 443], [388, 459], [391, 480], [392, 493], [393, 505], [393, 517], [393, 526], [393, 537], [393, 545], [393, 552], [393, 556], [393, 559], [392, 560], [392, 559], [391, 555], [389, 549], [387, 542], [384, 534]], "1607949140.6234505": [[274, 429], [274, 428], [275, 427], [278, 425], [285, 423], [298, 421], [310, 418], [325, 416], [338, 415], [355, 413], [375, 411], [401, 408], [424, 405], [441, 403], [455, 402], [468, 401], [479, 400], [488, 400], [493, 400], [496, 400]]}, "loose_point_map": {"1607949134.6237724": [], "1607949136.1829631": [], "1607949136.65505": [[460, 143], [460, 142], [457, 140], [451, 137], [444, 134], [437, 130], [429, 126], [422, 123], [414, 118], [406, 111], [401, 107]], "1607949137.408133": [[365, 307], [365, 304], [367, 298], [370, 290], [374, 281], [377, 274], [380, 267], [382, 260], [384, 251], [386, 243], [388, 232], [389, 224], [390, 217], [391, 212], [392, 207], [393, 204], [394, 202], [394, 199], [395, 197], [395, 195], [395, 193], [396, 190], [396, 189], [396, 188], [396, 187], [396, 186], [396, 185], [395, 185], [394, 185], [393, 185], [391, 185], [388, 184], [386, 184], [384, 183], [382, 183], [380, 182], [378, 181]], "1607949138.0649753": [[172, 286], [171, 286], [171, 285], [171, 282], [174, 279], [178, 275], [186, 271], [198, 265], [212, 260], [227, 253], [242, 247], [260, 239], [280, 230], [295, 224], [312, 218], [323, 212], [333, 208], [339, 204], [343, 201], [351, 198], [354, 196], [357, 195], [359, 193], [361, 192], [362, 191], [363, 190], [364, 190], [364, 189], [364, 188], [365, 188], [365, 187], [366, 187], [366, 186], [367, 186], [368, 186], [369, 186], [371, 185], [372, 185], [373, 185], [374, 185], [375, 185], [376, 185]], "1607949139.0649433": [[580, 292], [585, 293], [588, 294], [589, 294], [589, 295], [587, 295], [585, 295], [582, 296], [578, 296], [574, 297], [568, 297], [563, 297], [555, 298], [547, 298], [537, 298], [528, 298], [516, 298], [503, 299], [492, 299], [480, 299], [470, 299], [459, 299], [446, 299], [435, 299], [426, 299], [418, 299], [411, 299], [404, 299], [398, 299], [394, 299], [389, 299], [385, 299], [382, 299], [378, 300], [371, 300], [363, 301], [355, 301], [347, 302], [339, 303], [331, 303], [323, 304], [317, 304], [313, 305], [310, 305], [308, 305], [306, 306], [304, 307], [303, 307], [302, 307], [302, 308], [301, 308], [300, 308], [300, 309], [299, 309], [298, 310]], "1607949140.2390997": [[381, 520], [376, 508], [372, 496], [366, 483], [359, 471], [355, 462], [351, 456], [348, 453], [346, 450], [343, 447], [341, 444], [338, 442], [335, 440], [332, 439], [329, 438], [323, 436], [318, 435], [313, 434], [309, 433], [305, 432], [300, 432], [296, 432], [292, 431], [288, 431], [285, 431], [282, 431], [280, 431], [279, 430], [278, 430], [276, 430], [275, 430], [274, 430]]}, "practise_press_point_map": {"1607949136.3921528": [[282, 167], [443, 147], [460, 144]], "1607949136.9190476": [[385, 73], [375, 222], [365, 308]], "1607949137.6073139": [[377, 181], [291, 244], [175, 285], [173, 286]], "1607949138.4878638": [[377, 185], [410, 225], [483, 280], [530, 287], [570, 291]], "1607949139.8481624": [[301, 310], [395, 304], [408, 309], [353, 331], [376, 411], [393, 545], [384, 534]], "1607949140.6234505": [[274, 429], [375, 411], [496, 400]]}, "practise_loose_point_map": {"1607949136.65505": [[460, 143], [401, 107]], "1607949137.408133": [[365, 307], [388, 232], [395, 193], [391, 185], [378, 181]], "1607949138.0649753": [[172, 286], [242, 247], [354, 196], [365, 187], [375, 185], [376, 185]], "1607949139.0649433": [[580, 292], [568, 297], [470, 299], [389, 299], [323, 304], [301, 308], [298, 310]], "1607949140.2390997": [[381, 520], [341, 444], [300, 432], [275, 430], [274, 430]]}}