{"press_point_map": {"1607950073.0454562": [[372, 112], [373, 112], [373, 113], [374, 113], [374, 114], [375, 115], [375, 116], [376, 116], [376, 117], [377, 118], [377, 119], [378, 119], [378, 120], [379, 121], [379, 122], [379, 123], [380, 123], [380, 124], [381, 124], [381, 125], [381, 126], [382, 126], [382, 127], [382, 126], [382, 127], [382, 128], [382, 129], [383, 129], [383, 130], [383, 131], [383, 132], [383, 133], [384, 133], [384, 134], [384, 135], [384, 136], [384, 137], [385, 138], [385, 139], [385, 140], [385, 141], [386, 141], [386, 142], [386, 143], [386, 142], [386, 143], [386, 142], [386, 143]], "1607950075.7609873": [[354, 180], [355, 179], [356, 179], [357, 178], [358, 178], [359, 177], [360, 177], [361, 176], [362, 176], [363, 175], [365, 174], [366, 173], [367, 173], [368, 172], [369, 172], [370, 172], [370, 171], [371, 171], [372, 170], [373, 170], [374, 169], [375, 169], [376, 168], [377, 168], [378, 168], [378, 167], [379, 167], [380, 167], [381, 166], [382, 166], [383, 166], [383, 165], [384, 165], [385, 165], [386, 165], [386, 164], [387, 164], [388, 164], [388, 165], [388, 166], [388, 167], [388, 168], [388, 169], [388, 170], [388, 171], [388, 172], [388, 173], [388, 174], [388, 175], [388, 176], [388, 177], [388, 178], [388, 179], [388, 180], [388, 181], [387, 182], [387, 183], [387, 184], [387, 185], [387, 186], [387, 187], [386, 188], [386, 189], [386, 190], [386, 191], [386, 192], [385, 193], [385, 194], [385, 195], [385, 196], [385, 197], [385, 198], [385, 199], [384, 200], [384, 201], [384, 202], [384, 203], [384, 204], [384, 205], [384, 206], [384, 207], [384, 208], [384, 209], [384, 211], [384, 212], [384, 213], [384, 214], [384, 215], [384, 216], [384, 217], [384, 218], [384, 219], [384, 220], [384, 222], [384, 223], [384, 224], [384, 225], [384, 226], [384, 228], [384, 229], [384, 230], [384, 231], [384, 233], [384, 234], [384, 235], [384, 237], [384, 238], [384, 240], [384, 242], [384, 243], [384, 245], [384, 247], [384, 249], [384, 251], [384, 252], [384, 254], [383, 256], [383, 257], [383, 259], [383, 260], [384, 262], [384, 263], [384, 265], [384, 267], [384, 268], [384, 270], [384, 271], [384, 273], [384, 274], [384, 275], [384, 277], [384, 278], [385, 279], [385, 281], [385, 282], [385, 284], [385, 285], [385, 286], [385, 288], [385, 289], [385, 290], [386, 292], [386, 293], [386, 294], [386, 295], [386, 296], [386, 297], [386, 298], [386, 299], [386, 300], [386, 301], [386, 302], [386, 303], [386, 304], [386, 305], [386, 306], [386, 307], [386, 308], [386, 309], [386, 310], [387, 311], [387, 312], [387, 313], [387, 314], [387, 315], [387, 316], [387, 317], [387, 318], [387, 320], [387, 321], [387, 322], [387, 323], [387, 324], [387, 326], [387, 327], [387, 328], [387, 329], [387, 330], [387, 332], [387, 333], [388, 334], [388, 335], [388, 336], [388, 337], [388, 338], [388, 339], [388, 340], [388, 341], [388, 342], [388, 343], [388, 344], [388, 345], [388, 346], [388, 347], [388, 348], [388, 349], [388, 350], [388, 351], [388, 352], [388, 353], [388, 354], [388, 355], [388, 356], [388, 357], [388, 358], [388, 359], [388, 360], [388, 361], [388, 363], [388, 364], [388, 365], [388, 366], [388, 367], [388, 368], [388, 369], [388, 370], [388, 371], [388, 372], [389, 373], [389, 374], [389, 375], [389, 376], [389, 377], [389, 378], [389, 379], [389, 380], [389, 381], [389, 382], [389, 383], [389, 384], [389, 385], [389, 386], [389, 387], [389, 388], [389, 389], [389, 390], [389, 391], [389, 392], [389, 393], [389, 394], [389, 395], [389, 396], [389, 397], [389, 398], [389, 399], [389, 400], [389, 401], [389, 402], [389, 403], [389, 404], [389, 405], [389, 406], [389, 407], [389, 408], [389, 409], [389, 410], [389, 411], [390, 412], [390, 413], [390, 414], [390, 415], [390, 416], [390, 417], [390, 418], [390, 419], [389, 419], [389, 418], [389, 417], [388, 416], [388, 415], [387, 414], [387, 412], [386, 410], [386, 409], [385, 407], [384, 405], [384, 402], [383, 400], [382, 397], [382, 395], [381, 392], [380, 389], [379, 387], [378, 384], [377, 381], [376, 378], [375, 375], [374, 373], [372, 370], [371, 368], [369, 365], [368, 363], [366, 362], [364, 360], [363, 359], [361, 357]], "1607950077.6366892": [[326, 249], [327, 249], [328, 249], [329, 248], [330, 248], [331, 248], [332, 248], [333, 248], [333, 247], [334, 247], [335, 247], [336, 247], [337, 246], [338, 246], [339, 246], [340, 245], [341, 245], [342, 245], [343, 245], [344, 244], [345, 244], [346, 244], [347, 244], [348, 243], [349, 243], [350, 243], [350, 242], [351, 242], [352, 242], [353, 242], [353, 241], [354, 241], [355, 241], [356, 241], [357, 240], [358, 240], [359, 240], [360, 240], [359, 240], [359, 241], [359, 242], [358, 243], [358, 244], [358, 245], [357, 245], [357, 246], [357, 247], [356, 248], [356, 249], [355, 250], [355, 252], [354, 253], [354, 254], [353, 255], [353, 256], [353, 257], [352, 258], [351, 259], [351, 260], [351, 261], [350, 261], [350, 262], [350, 263], [349, 263], [349, 264], [349, 265], [348, 265], [348, 266], [348, 267], [347, 268], [346, 269], [346, 270], [345, 271], [344, 272], [344, 273], [343, 273], [343, 274], [342, 275], [342, 276], [341, 277], [340, 278], [340, 279], [340, 280], [339, 280], [339, 281], [338, 282], [338, 283], [337, 284], [337, 285], [336, 285], [336, 286], [336, 287], [335, 288], [334, 289], [334, 290], [333, 291], [333, 292], [332, 293], [331, 294], [330, 295], [330, 296], [329, 297], [328, 298], [328, 299], [327, 300], [326, 300], [326, 301], [325, 302], [324, 303], [323, 304], [323, 305], [322, 306], [321, 307], [320, 307], [319, 308], [318, 309], [317, 310], [316, 311], [315, 313], [314, 314], [313, 315], [313, 316], [311, 317], [311, 318], [309, 319], [309, 320], [308, 321], [307, 322], [306, 323], [305, 324], [304, 325], [303, 326], [302, 327], [301, 327], [300, 328], [299, 329], [298, 330], [297, 331], [296, 332], [295, 333], [294, 334], [292, 335], [291, 336], [290, 338], [288, 339], [286, 341], [284, 342], [282, 344], [279, 346], [276, 348], [274, 350], [271, 352], [267, 354], [264, 356]],